"id","size","surv","sizeNext","fec1","fec2","Site","DeerBrowse2020","BrowseLevel2020","Cover2020","ProtectedFRBrowse2020","Notes2020","Notes2021"
"1",69.3,0,NA,1,154.5,"CNM","N",NA,"L","N","",""
"4",57.7,1,58.4,1,30.9,"CNM","Y","L","L","N","",""
"6",68.5,1,48.3,1,72.1,"CNM","N",NA,"BG","N","INSECT DAMAGE",""
"7",101.6,1,57.4,1,257.5,"CNM","Y","L","L","N","",""
"8",57.9,1,68,1,370.8,"CNM","Y","L","BG","N","",""
"10",84.7,1,18.5,1,1339,"CNM","N",NA,"BG","N","",""
"11",61.8,1,38.4,1,278.1,"CNM","N",NA,"BG","N","",""
"12",64.7,1,51.1,1,247.2,"CNM","N",NA,"BG","N","",""
"14",63.3,1,84.9,1,247.2,"CNM","Y","M","BG","N","",""
"15",70,1,72.4,1,391.4,"CNM","Y","L","L","N","","Sotol"
"16",68.3,1,57,1,1009.4,"CNM","N",NA,"BG","N","",""
"17",79.1,1,76.9,1,741.6,"CNM","N",NA,"L","N","",""
"18",52.5,1,41.1,1,442.9,"CNM","Y","L","PG","N","",""
"20",57.3,1,58,1,164.8,"CNM","Y","L","L","N","",""
"21",44.2,1,43.6,1,82.4,"CNM","N",NA,"L","N","",""
"23",88.5,1,39.6,1,391.4,"CNM","N",NA,"BG","Y","","Sotol"
"805",62.4,1,56.3,1,113.3,"CNM","N",NA,"BG","Y","","Sotol"
"1000",44.2,1,22.2,1,41.2,"CNM","N",NA,"L","N","OLD GROWTH PRESENT",""
"1001",42.9,1,43.3,1,30.9,"CNM","N",NA,"BG","N","OLD GROWTH PRESENT",""
"26",69.9,1,84.3,1,278.1,"CNM","N",NA,"L","Y","L=LITTER COVER",""
"27",76.7,1,73,1,247.2,"CNM","N",NA,"PG","N","",""
"33",51.6,1,61.5,1,20.6,"CNM","N",NA,"PG","Y","BUNCHGRASS ""PROTECTION""?",""
"34",67.1,1,72.9,1,772.5,"CNM","Y","L","BG","Y","",""
"35",68.2,1,66.2,1,61.8,"CNM","N",NA,"BG","N","",""
"1007",71.3,1,8.7,1,988.8,"CNM","Y","L","BG","N","SEPERATED FROM 208",""
"42",69.6,0,NA,1,267.8,"CNM","Y","L","PG","N","",""
"43",68.1,1,65.4,1,123.6,"CNM","N",NA,"BG","Y","",""
"44",71.8,1,74.9,1,236.9,"CNM","N",NA,"PG","N","",""
"45",56.3,1,41.4,1,195.7,"CNM","N",NA,"PG","N","",""
"46",56,1,40.5,1,226.6,"CNM","N",NA,"PG","N","",""
"47",61.2,1,48.6,1,82.4,"CNM","N",NA,"PG","N","",""
"48",83.5,1,76.4,1,391.4,"CNM","N",NA,"PG","N","",""
"50",72.5,1,71.6,1,1266.9,"CNM","N",NA,"BG","N","",""
"51",54.5,1,61.3,1,72.1,"CNM","N",NA,"BG","N","",""
"52",60.3,1,51.9,1,473.8,"CNM","N",NA,"PG","N","",""
"53",45.3,1,65.5,1,10.3,"CNM","N",NA,"PG","N","FLOWER HEAD SMALL",""
"806",73.1,1,63.2,1,257.5,"CNM","Y","L","L","N","","2020 said subpop 2, 2021 said subpop 3"
"807",57,0,NA,1,113.3,"CNM","N",NA,"BG","N","",""
"808",61.3,1,43.7,1,113.3,"CNM","Y","M","PG","Y","",""
"809",69,1,60.6,1,185.4,"CNM","N",NA,"L","N","",""
"57",63.7,1,63.9,1,41.2,"CNM","N",NA,"PG","N","",""
"58",43.8,1,47.2,1,10.3,"CNM","N",NA,"PG","Y","",""
"59",61.2,1,58.7,1,103,"CNM","N",NA,"PG","Y","",""
"60",66,1,74.2,1,92.7,"CNM","N",NA,"BG","Y","",""
"61",78,1,47.5,1,216.3,"CNM","Y","M","PG","N","",""
"62",73.9,1,17,1,133.9,"CNM","Y","M","BG","N","",""
"63",56.6,1,37.6,1,41.2,"CNM","N",NA,"BG","Y","","Yucca"
"64",51.3,1,59.2,1,10.3,"CNM","Y","M/H","BG","N","",""
"65",65.5,1,46.3,1,123.6,"CNM","Y","L","BG","N","",""
"66",47.7,1,46,1,103,"CNM","N",NA,"BG","N","",""
"68",48.8,1,43.6,1,41.2,"CNM","N",NA,"BG","N","",""
"69",72.2,1,72,1,61.8,"CNM","N",NA,"PG","N","",""
"70",90.7,1,53.7,1,628.3,"CNM","N",NA,"BG","Y","",""
"71",58.5,1,47.5,1,41.2,"CNM","N",NA,"BG","N","",""
"72",80.2,1,38.7,1,92.7,"CNM","N",NA,"PF","N","",""
"74",71,0,NA,1,473.8,"CNM","N",NA,"PG","N","BROKEN BY OBSERVATION",""
"75",51.6,1,65.5,1,20.6,"CNM","Y","L","PG","Y","",""
"810",45.1,1,44.1,1,92.7,"CNM","N",NA,"BG","N","",""
"811",47.5,1,31.1,1,51.5,"CNM","N",NA,"PG","N","",""
"812",58.4,1,24.1,1,41.2,"CNM","Y","M","L","N","",""
"76",99.2,1,101.1,1,545.9,"CNM","Y","L","PG","N","",""
"77",72.9,1,47.1,1,154.5,"CNM","Y","L","L","N","",""
"78",92.8,1,61.6,1,185.4,"CNM","N",NA,"PG","Y","DEAD MANZANITA COVER.","Protected by ""AS"" ?"
"81",63.6,1,69.5,1,309,"CNM","Y","M","L","N","",""
"82",77,1,73.6,1,1215.4,"CNM","Y","L","PG","N","",""
"83",62,1,47.4,1,339.9,"CNM","Y","L","PG","N","",""
"84",68.6,1,66.3,1,566.5,"CNM","N",NA,"L","Y","","Yucca"
"85",70.4,1,85.1,1,278.1,"CNM","N",NA,"L","N","",""
"86",90.4,1,76.1,1,762.2,"CNM","Y","L","BG","Y","DEAD MANZANITA COVER.",""
"87",91.7,1,57.9,1,566.5,"CNM","Y","L","BG","Y","","Snag"
"88",75.1,1,71.1,1,10.3,"CNM","Y","L","PG","Y","INSECT DAMAGE.","Snag"
"89",58.3,1,59.1,1,72.1,"CNM","N",NA,"BG","Y","","Snag"
"90",37.4,1,47.3,1,10.3,"CNM","N",NA,"PG","Y","","Snag"
"91",71.6,1,56,1,51.5,"CNM","Y","M","L","Y","",""
"92",67.2,1,63.6,1,133.9,"CNM","N",NA,"PG","N","",""
"93",37.2,0,NA,1,20.6,"CNM","Y","M","PG","N","",""
"95",26.2,1,11.1,1,10.3,"CNM","N",NA,"L","Y","",""
"97",85.2,1,70.4,1,329.6,"CNM","Y","L","PG","N","",""
"99",66.2,1,57,1,370.8,"CNM","Y","M","PG","Y","",""
"101",25.2,1,12.9,1,10.3,"CNM","Y","L","PG","N","",""
"102",61.6,1,21.4,1,72.1,"CNM","Y","L","L","N","",""
"103",52.3,1,20.2,1,30.9,"CNM","Y","M","PG","N","",""
"104",52.3,1,55.1,1,267.8,"CNM","N",NA,"L","N","",""
"106",30.2,1,38.7,1,30.9,"CNM","Y","M","PG","Y","",""
"110",71.2,1,81.1,1,2317.5,"CNM","Y","M","PG","N","",""
"111",64.5,1,43.9,1,370.8,"CNM","Y","M","L","N","",""
"112",85.4,1,88.9,1,2657.4,"CNM","Y","L","PG","N","",""
"114",86.3,1,46.1,1,700.4,"CNM","Y","M","L","N","",""
"825",60,1,76.6,1,360.5,"CNM","N",NA,"L","N","",""
"107",67.3,1,63.6,1,123.6,"CNM","Y","L","PG","Y","","Yucca"
"116",32.5,1,45.6,1,20.6,"CNM","Y","H","PG","N","",""
"117",44,1,37.9,1,41.2,"CNM","Y","M","PG","N","",""
"120a",47.6,0,NA,1,41.2,"CNM","Y","H","BG","N","","Previous 120 is dead"
"121",40.1,1,40,1,20.6,"CNM","N",NA,"PG","Y","","Yucca"
"122",59.8,1,49.9,1,164.8,"CNM","Y","L","BG","N","",""
"123",61.8,1,60,1,195.7,"CNM","N",NA,"L","N","",""
"124",39.5,1,26.8,1,20.6,"CNM","N",NA,"PG","N","",""
"126",81.8,1,54.2,1,432.6,"CNM","Y","M","PG","Y","","Tree"
"127",67.2,1,52.1,1,123.6,"CNM","Y","L","BG","Y","","Yucca/Tree"
"128",72.1,1,58.8,1,319.3,"CNM","Y","L","BG","Y","","Tree"
"129",37.6,1,48.5,1,10.3,"CNM","Y","L","BG","Y","","Tree"
"130",66.1,1,50.2,1,247.2,"CNM","N",NA,"BG","Y","","Tree"
"131",36.1,1,53.4,1,10.3,"CNM","Y","M","BG","Y","","Tree"
"132",58.5,1,45,1,123.6,"CNM","N",NA,"BG","Y","","Tree"
"133",67.3,1,55.6,1,82.4,"CNM","Y","L","BG","Y","","Yucca"
"134",60.2,1,67.5,1,175.1,"CNM","N",NA,"BG","Y","","Tree"
"135",70.7,1,48.5,1,319.3,"CNM","Y","L","PG","Y","","Tree"
"136",50.9,1,60.2,1,61.8,"CNM","Y","M","PG","N","",""
"137",45.6,1,41.9,1,103,"CNM","N",NA,"BG","Y","","Tree"
"138",60.2,1,47.8,1,659.2,"CNM","N",NA,"L","N","",""
"139",63.4,1,45.2,1,267.8,"CNM","Y","M","BG","N","",""
"395",68.9,1,51.4,1,226.6,"CNM","Y","L","PG","N","",""
"396",72.6,0,NA,1,916.7,"CNM","Y","M","BG","N","",""
"397",59.7,1,65.9,1,350.2,"CNM","Y","M","PG","N","",""
"819",23,0,NA,1,10.3,"CNM","N",NA,"PG","Y","",""
"820",52.6,1,53,1,123.6,"CNM","N",NA,"PG","Y","","Yucca"
"822",53.9,0,NA,1,51.5,"CNM","N",NA,"PG","Y","",""
"823",51.1,1,46.5,1,20.6,"CNM","N",NA,"L","Y","","Yucca"
"824",49.4,0,NA,1,30.9,"CNM","N",NA,"PG","Y","",""
"140",65,1,67.7,1,164.8,"CNM","N",NA,"BG","N","",""
"141",44.3,0,NA,1,20.6,"CNM","N",NA,"BG","N","",""
"142",34.1,1,36.11,1,10.3,"CNM","N",NA,"BG","N","",""
"144",85.6,1,73,1,597.4,"CNM","N",NA,"BG","N","",""
"145",61.2,1,53.2,1,72.1,"CNM","N",NA,"PG","N","",""
"146",67.2,1,51.2,1,381.1,"CNM","N",NA,"BG","N","",""
"147",78.6,1,70.1,1,865.2,"CNM","N",NA,"BG","N","",""
"149",34.2,0,NA,1,10.3,"CNM","N",NA,"BG","N","",""
"150",67.8,1,52.9,1,267.8,"CNM","N",NA,"PG","N","",""
"154",75.1,1,58.6,1,679.8,"CNM","N",NA,"PG","N","",""
"155",80.5,1,59.4,1,679.8,"CNM","N",NA,"BG","N","",""
"156",65.5,1,71.8,1,20.6,"CNM","Y","M","BG","N","",""
"157",59.6,1,53.8,1,257.5,"CNM","N",NA,"PG","Y","","Sotol"
"158",56.9,1,61.6,1,144.2,"CNM","Y","L","PG","N","",""
"159",57.2,1,33.4,1,175.1,"CNM","N",NA,"BG","N","",""
"160",64.1,1,54.4,1,61.8,"CNM","N",NA,"PG","Y","","Sotol"
"161",65,1,50.3,1,123.6,"CNM","N",NA,"BG","N","",""
"162",50.3,1,51,1,30.9,"CNM","N",NA,"BG","N","",""
"165",53.4,1,27.1,1,10.3,"CNM","N",NA,"BG","Y","","Sotol"
"167",97.7,1,61,1,154.5,"CNM","N",NA,"PG","N","",""
"168",43.1,0,NA,1,20.6,"CNM","Y","L","BG","N","",""
"169",77,1,65.1,1,103,"CNM","N",NA,"BG","N","",""
"170",57,1,48.7,1,267.8,"CNM","N",NA,"BG","N","",""
"171",65.1,1,56.6,1,82.4,"CNM","N",NA,"PG","N","",""
"173",57,1,29,1,41.2,"CNM","N",NA,"BG","N","",""
"174",56,1,59.6,1,206,"CNM","N",NA,"PG","N","",""
"175",75.5,1,54.1,1,432.6,"CNM","N",NA,"PG","N","",""
"176",60.2,1,47.5,1,20.6,"CNM","Y","M","BG","Y","",""
"177",71.7,1,60.2,1,370.8,"CNM","N",NA,"BG","N","",""
"179",44,1,44.6,1,72.1,"CNM","N",NA,"BG","N","",""
"180",61,1,57.1,1,175.1,"CNM","N",NA,"BG","N","",""
"181",76.2,1,62.7,1,896.1,"CNM","N",NA,"PG","N","",""
"182",79.5,1,55.4,1,30.9,"CNM","N",NA,"PG","Y","","Sotol"
"183",83.5,1,49.8,1,648.9,"CNM","N",NA,"BG","Y","",""
"184",83.2,1,53,1,30.9,"CNM","N",NA,"PG","Y","","Sotol"
"185",56.6,1,51,1,72.1,"CNM","N",NA,"BG","Y","","Sotol"
"186",71.3,1,33.2,1,30.9,"CNM","Y","M","PG","Y","","Sotol"
"187",67.2,1,39.4,1,82.4,"CNM","N",NA,"PG","Y","",""
"188",47.5,1,57.1,1,20.6,"CNM","N",NA,"BG","N","",""
"189",71.4,1,60.2,1,20.6,"CNM","N",NA,"BG","Y","LOTS OF ABORTED BUDS. LOOKS WEIRD",""
"190",34.2,1,41.9,1,10.3,"CNM","Y","L","BG","Y","LIKE 189",""
"191",71,1,47.3,1,154.5,"CNM","N",NA,"PG","N","",""
"194",58.1,1,56.1,1,133.9,"CNM","N",NA,"BG","Y","",""
"195",67.5,1,49.6,1,10.3,"CNM","N",NA,"BG","Y","",""
"197",90.5,1,41.8,1,144.2,"CNM","N",NA,"BG","Y","","Juniper"
"198",57.5,1,29.8,1,30.9,"CNM","Y","L","BG","Y","",""
"201",58.1,1,43,1,412,"CNM","N",NA,"PG","N","",""
"202",55.5,1,40.6,1,133.9,"CNM","N",NA,"PG","N","",""
"203",56.5,1,59.6,1,144.2,"CNM","N",NA,"PG","N","",""
"204",65.3,0,NA,1,113.3,"CNM","N",NA,"PG","Y","",""
"205",38,1,45.8,1,10.3,"CNM","N",NA,"PG","N","",""
"814",64.6,1,36.3,1,113.3,"CNM","N",NA,"L","N","",""
"815",47.6,1,50.6,1,82.4,"CNM","N",NA,"BG","N","",""
"817",56.1,1,43.9,1,72.1,"CNM","N",NA,"PG","N","",""
"818",53.1,1,57.6,1,278.1,"CNM","N",NA,"PG","N","",""
"207",63.1,1,43.6,1,154.5,"CNM","Y","L","BG","N","",""
"208",67.7,1,58.7,1,1678.9,"CNM","Y","L","BG","N","ACTUALLY 2 PLANTS. 1 RELABLED AS #1007",""
"209",32.5,1,31.5,1,607.7,"CNM","N",NA,"BG","N","",""
"210",40,0,NA,1,41.2,"CNM","N",NA,"BG","N","",""
"211",66.9,1,40,1,103,"CNM","N",NA,"PG","N","INSECT DAMAGE",""
"212",67.2,1,50.7,1,175.1,"CNM","Y","L","PG","N","",""
"214",73.6,1,64.9,1,401.7,"CNM","Y","L","BG","N","",""
"216",68.8,1,68.6,1,10.3,"CNM","Y","L","PG","Y","INSECT DAMAGE","Sotol"
"217",37.8,1,45.7,1,20.6,"CNM","Y","H","BG","Y","GROWING OUT OF ROCK",""
"218",78.4,1,61,1,453.2,"CNM","N",NA,"PG","N","",""
"219",66.5,1,61.8,1,556.2,"CNM","Y","L","BG","N","",""
"220",74.9,1,47.9,1,360.5,"CNM","Y","M","BG","Y","",""
"221",80.5,0,NA,1,1524.4,"CNM","Y","L","PG","N","",""
"222",70.2,1,52.8,1,175.1,"CNM","Y","H","BG","N","",""
"223",79.7,1,73.1,1,1586.2,"CNM","Y","M","PG","N","",""
"224",84.8,1,46.2,1,442.9,"CNM","Y","L","BG","N","",""
"226",87,1,52.2,1,247.2,"CNM","Y","L","BG","N","PROTECTED BY TRASHCAN.",""
"229",57.7,1,52.1,1,30.9,"CNM","N",NA,"L","N","",""
"230",65.7,1,60.2,1,133.9,"CNM","Y","L","BG","N","",""
"234",72.4,1,68,1,123.6,"CNM","Y","L","L","N","",""
"235",67.5,1,59.1,1,957.9,"CNM","Y","M","PG","N","",""
"237",59.3,1,59.4,1,659.2,"CNM","Y","M","PG","N","",""
"239",67.6,1,63,1,896.1,"CNM","Y","M","PG","N","",""
"240",83.8,1,88.3,1,1277.2,"CNM","Y","M","BG","N","",""
"241",67,1,65.4,1,515,"CNM","Y","M","L","N","",""
"242",47.6,1,34.9,1,20.6,"CNM","N",NA,"BG","N","",""
"243",64.4,1,62.2,1,154.5,"CNM","N",NA,"BG","N","",""
"244",52.2,1,56.5,1,195.7,"CNM","N",NA,"PG","N","",""
"245",44.5,0,NA,1,20.6,"CNM","N",NA,"BG","Y","",""
"246",68.5,1,68,1,525.3,"CNM","N",NA,"BG","Y","",""
"249",59.1,1,71.1,1,10.3,"CNM","Y","L","T","Y","",""
"250",65.3,1,64.5,1,206,"CNM","Y","M","BG","N","",""
"252",52.3,1,59.2,1,41.2,"CNM","N",NA,"BG","N","",""
"253",54,1,58.2,1,360.5,"CNM","N",NA,"BG","N","",""
"254",65.7,1,73.2,1,2060,"CNM","N",NA,"BG","N","",""
"255",47.9,1,33.9,1,339.9,"CNM","N",NA,"BG","N","",""
"256",66.8,1,30.8,1,92.7,"CNM","N",NA,"BG","Y","",""
"259",50.4,1,55.9,1,885.8,"CNM","Y","M","BG","N","","2020 said SubPop 11, 2021 said SubPop 12, Tag not found"
"260",52.3,1,44,1,350.2,"CNM","Y","M","L","N","","2020 said SubPop 11, 2021 said SubPop 12"
"262",84.7,1,68.2,1,2575,"CNM","Y","M","PG","N","","2022 said SubPop 11, 2021 said SubPop 12"
"263",59.3,1,58.3,1,556.2,"CNM","Y","M","L","N","","2023 said SubPop 11, 2021 said SubPop 12"
"264",77.9,1,78.8,1,2544.1,"CNM","Y","M","L","N","","2024 said SubPop 11, 2021 said SubPop 12"
"265",66.6,1,71.2,1,175.1,"CNM","Y","M","L","N","","2025 said SubPop 11, 2021 said SubPop 12"
"266",67.2,1,35,1,700.4,"CNM","N",NA,"L","N","","2026 said SubPop 11, 2021 said SubPop 12"
"267",65,1,54.1,1,1133,"CNM","Y","L","BG","N","","2027 said SubPop 11, 2021 said SubPop 12"
"268",79.2,1,68.5,1,1575.9,"CNM","Y","M","BG","N","","2028 said SubPop 11, 2021 said SubPop 12"
"269",71.6,1,73.2,1,1957,"CNM","Y","L","L","N","","2029 said SubPop 11, 2021 said SubPop 12"
"270",67.3,1,63.4,1,3543.2,"CNM","Y","L","PG","N","INSECT DAMAGE","2030 said SubPop 11, 2021 said SubPop 12"
"271",44.3,1,17.8,1,154.5,"CNM","Y","L","BG","N","","2031 said SubPop 11, 2021 said SubPop 12"
"272",43.5,0,NA,1,10.3,"CNM","Y","H","PG","N","","2032 said SubPop 11, 2021 said SubPop 12"
"273",54.7,1,51.4,1,947.6,"CNM","Y","M","PG","N","","2033 said SubPop 11, 2021 said SubPop 12"
"274",96.1,0,NA,1,1884.9,"CNM","Y","L","PG","N","","2034 said SubPop 11, 2021 said SubPop 12"
"277",42.1,1,48.2,1,30.9,"CNM","Y","L","BG","N","","2020 said SubPop 11, 2021 said SubPop 12"
"278",57.6,1,36.2,1,298.7,"CNM","Y","L","L","N","","2021 said SubPop 11, 2021 said SubPop 12"
"280",62.2,0,NA,1,164.8,"CNM","Y","M","PG","N","","2023 said SubPop 11, 2021 said SubPop 12"
"832",41.8,1,35.8,1,41.2,"CNM","N",NA,"BG","N","",""
"833",41.5,0,NA,1,51.5,"CNM","N",NA,"L","N","","Uprooted with tag"
"834",25.6,1,21.8,1,10.3,"CNM","N",NA,"BG","N","",""
"835",59.7,1,55.6,1,82.4,"CNM","N",NA,"PG","N","",""
"837",82,0,NA,1,3162.1,"CNM","Y","L","BG","N","",""
"838",52.4,0,NA,1,41.2,"CNM","N",NA,"L","N","",""
"281",77,0,NA,1,1112.4,"CNM","N",NA,"PG","N","",""
"282",54.2,1,53,1,381.1,"CNM","N",NA,"BG","N","",""
"284",59.5,1,57,1,865.2,"CNM","N",NA,"PG","N","",""
"285",62,1,58.7,1,937.3,"CNM","N",NA,"BG","N","",""
"286",52.5,1,56.1,1,628.3,"CNM","N",NA,"BG","N","",""
"287",48.9,1,52.9,1,267.8,"CNM","N",NA,"PG","N","",""
"288",40.6,1,58.1,1,216.3,"CNM","N",NA,"PG","N","",""
"290",51.8,1,40.2,1,412,"CNM","N",NA,"BG","N","",""
"292",58,1,51.2,1,710.7,"CNM","N",NA,"BG","N","",""
"293",63,0,NA,1,288.4,"CNM","Y","L","PG","N","",""
"294",47,1,59,1,10.3,"CNM","N",NA,"PG","N","",""
"295",62,1,39.4,1,309,"CNM","Y","L","PG","N","",""
"296",62.8,1,48.1,1,1503.8,"CNM","N",NA,"PG","N","",""
"299",86.5,1,60.3,1,1915.8,"CNM","N",NA,"PG","N","",""
"830",62.7,1,57.4,1,319.3,"CNM","N",NA,"L","N","",""
"301",52.5,1,50.5,1,236.9,"CNM","N",NA,"PG","Y","BROKEN BY OBSERVATION","Dead shrub"
"302",65,1,60.2,1,206,"CNM","N",NA,"PG","Y","","Dead shrub"
"304",101.5,1,77.9,1,607.7,"CNM","N",NA,"PG","N","",""
"305",92.6,0,NA,1,4418.7,"CNM","N",NA,"L","N","",""
"306",87,1,79.9,1,2173.3,"CNM","N",NA,"BG","N","",""
"307",81.9,1,61.5,1,751.9,"CNM","N",NA,"BG","N","",""
"308",87,1,77.5,1,638.6,"CNM","Y","L","PG","N","",""
"310",91.2,1,87.5,1,236.9,"CNM","N",NA,"BG","N","COMING OUT OF ROCK",""
"311",98.5,1,99.8,1,1843.7,"CNM","N",NA,"BG","N","",""
"312",69.5,1,56.4,1,288.4,"CNM","N",NA,"BG","N","",""
"313",97,1,65.9,1,463.5,"CNM","Y","L","BG","N","",""
"314",84,1,63.4,1,525.3,"CNM","Y","L","BG","N","",""
"315",89,1,41.2,1,41.2,"CNM","N",NA,"BG","N","",""
"316",88.2,1,88.2,1,1091.8,"CNM","N",NA,"BG","N","",""
"317",56.4,1,78.6,1,30.9,"CNM","N",NA,"BG","N","",""
"319",86.2,1,85.9,1,2111.5,"CNM","Y","L","BG","N","",""
"322",68,1,78.8,1,412,"CNM","N",NA,"BG","N","","Woody litter"
"323",77.1,1,72.5,1,2090.9,"CNM","N",NA,"PG","Y","",""
"324",62,1,62.8,1,206,"CNM","N",NA,"BG","Y","",""
"327",73.5,1,62,1,288.4,"CNM","Y","L","PG","Y","",""
"328",52.1,1,50.7,1,113.3,"CNM","N",NA,"PG","Y","","No tag"
"329",65.2,1,37.6,1,206,"CNM","N",NA,"BG","N","",""
"330",59.1,1,53.2,1,453.2,"CNM","N",NA,"BG","N","",""
"331",90,1,58.9,1,432.6,"CNM","Y","M","BG","N","MISSING ALL OF ITS LEAVES",""
"333",83.5,1,77.8,1,927,"CNM","Y","L","BG","N","",""
"334",67,1,55.8,1,113.3,"CNM","N",NA,"PG","N","",""
"335",92.5,1,71.1,1,133.9,"CNM","Y","L","BG","N","",""
"336",82.2,1,79.9,1,504.7,"CNM","N",NA,"PG","Y","",""
"337",72.9,1,55.1,1,381.1,"CNM","Y","L","BG","N","",""
"338",80,1,82.1,1,957.9,"CNM","Y","L","L","N","","Remap"
"340",57.3,1,62,1,51.5,"CNM","N",NA,"BG","N","",""
"342",71.5,0,NA,1,669.5,"CNM","N",NA,"BG","Y","BROKEN BY OBSERVATION",""
"343",89,1,67.2,1,278.1,"CNM","Y","M","BG","N","",""
"344",64.4,1,56.2,1,309,"CNM","N",NA,"BG","Y","",""
"346",63.5,1,65.8,1,494.4,"CNM","N",NA,"PG","Y","",""
"353",69.5,1,67.9,1,144.2,"CNM","N",NA,"PG","Y","","Beargrass"
"826",60.9,0,NA,1,133.9,"CNM","N",NA,"PG","Y","","No tag"
"1037",37.3,1,37,1,30.9,"CNM","N",NA,"BG","N","","Shrub"
"345",53.6,0,NA,1,195.7,"CNM","N",NA,"L","N","BROKEN BY OBSERVATION",""
"347",76.2,1,73.6,1,381.1,"CNM","Y","L","PG","Y","","Beargrass"
"348",61,1,56.7,1,494.4,"CNM","Y","M","PG","N","",""
"349",54.5,1,49.2,1,185.4,"CNM","N",NA,"BG","N","",""
"350",78.5,1,60.4,1,854.9,"CNM","Y","L","PG","N","INSECT DAMAGE",""
"352",92.5,1,79.3,1,1318.4,"CNM","Y","M","L","N","",""
"355",83.4,1,64.3,1,2873.7,"CNM","Y","M","PG","N","ONE STEM BROKEN BY OBSERVATION",""
"356",64.4,1,49.1,1,267.8,"CNM","Y","M","PG","N","ONE STEM MUNCHED HARD",""
"357",66.1,1,43.2,1,216.3,"CNM","Y","L","PG","N","INSECT DAMAGE",""
"358",51.3,0,NA,1,123.6,"CNM","N",NA,"PG","N","",""
"359",85.1,1,51.6,1,628.3,"CNM","Y","L","PG","N","",""
"360",73.1,1,49.9,1,329.6,"CNM","Y","M","L","N","",""
"362",72.1,0,NA,1,195.7,"CNM","Y","L","BG","N","",""
"363",67.7,1,41.6,1,422.3,"CNM","Y","L","L","N","",""
"364",78.8,0,NA,1,339.9,"CNM","N",NA,"BG","N","",""
"365",76.2,1,65.3,1,257.5,"CNM","Y","L","L","N","",""
"366",72,1,50.6,1,288.4,"CNM","Y","M","PG","N","",""
"367",65.3,1,62.1,1,278.1,"CNM","Y","M","PG","N","",""
"368",66.9,0,NA,1,288.4,"CNM","Y","M","PG","N","","No plant, Tag located"
"369",71.3,1,59.9,1,988.8,"CNM","Y","M","PG","N","",""
"370",55,0,NA,1,133.9,"CNM","Y","L","L","N","",""
"371",66.2,1,58.2,1,772.5,"CNM","Y","L","PG","N","",""
"372",74.2,1,63.7,1,607.7,"CNM","Y","M","PG","N","",""
"373",87.5,1,82.5,1,401.7,"CNM","Y","L","PG","N","","Beargrass"
"374",64,0,NA,1,133.9,"CNM","Y","M","L","N","",""
"375",69,1,51.5,1,339.9,"CNM","Y","M","PG","N","",""
"376",78.8,1,68.3,1,1524.4,"CNM","Y","H","PG","N","",""
"377",81.7,1,79.4,1,648.9,"CNM","N",NA,"L","N","",""
"378",76,1,73.2,1,226.6,"CNM","Y","L","L","N","BROKEN BY OBSERVATION",""
"379",63.4,1,60.4,1,813.7,"CNM","Y","L","PG","N","",""
"380",95.7,1,75.2,1,988.8,"CNM","Y","L","L","N","",""
"381",81.7,1,85.3,1,1143.3,"CNM","Y","H","PG","N","",""
"382",87.7,1,97.9,1,3522.6,"CNM","Y","M","PG","N","",""
"383",112.4,1,93.1,1,3419.6,"CNM","Y","L","L","N","",""
"384",89.2,0,NA,1,1153.6,"CNM","Y","L","PG","N","INSECT HERBIVORY/DAMAGE",""
"385",55.2,1,38.4,1,329.6,"CNM","Y","H","L","N","",""
"386",72,1,61.2,1,6942.2,"CNM","N",NA,"BG","N","",""
"387",71.9,1,73.2,1,412,"CNM","Y","M","L","N","",""
"389",41.6,1,10,1,236.9,"CNM","Y","M","L","N","",""
"390",79.9,1,69.9,1,1318.4,"CNM","Y","M","PG/F","N","",""
"391",81.5,1,70.7,1,2482.3,"CNM","Y","L","PG","N","",""
"392",79.3,1,56.1,1,247.2,"CNM","Y","L","PG","N","",""
"393",71.4,1,70.5,1,1297.8,"CNM","Y","L","PG","N","","Shrub"
"394",46.2,0,NA,1,236.9,"CNM","Y","M","ROCK","N","",""
"827",67.9,1,44.2,1,556.2,"CNM","N",NA,"PG","N","",""
"828",35.1,1,34.1,1,72.1,"CNM","N",NA,"BG","N","",""
"829",57.5,1,41.2,1,216.3,"CNM","Y","M","PG","N","",""
"398",70.7,1,58.2,1,473.8,"CNM","N",NA,"L","Y","INSECT DAMAGE",""
"399",68.9,0,NA,1,515,"CNM","N",NA,"L","Y","",""
"400",111.6,1,51.5,1,1060.9,"CNM","N",NA,"L","Y","",""
"401",78.1,1,48.3,1,164.8,"CNM","N",NA,"L","Y","",""
"402",65.9,1,56.7,1,288.4,"CNM","Y","L","PG","Y","",""
"403",77.4,1,71.9,1,236.9,"CNM","Y","L","PG","Y","",""
"404",85.4,1,62.6,1,267.8,"CNM","Y","L","L","Y","INSECT DAMAGE",""
"405",96.5,1,54.7,1,2101.2,"CNM","Y","L","PG","Y","",""
"406",51.6,1,33.8,1,226.6,"CNM","Y","M","BG","N","",""
"407",64.5,1,48.7,1,206,"CNM","Y","H","L","N","",""
"408",71.7,0,NA,1,329.6,"CNM","Y","M","L","N","",""
"412",67.4,1,35.9,1,164.8,"CNM","N",NA,"L","N","",""
"413",57.5,0,NA,1,103,"CNM","Y","L","PG","N","","No tag, No plant"
"414",94.9,1,61.4,1,432.6,"CNM","N",NA,"PG","N","",""
"415",74.4,1,63.5,1,381.1,"CNM","N",NA,"PG","N","",""
"416",74,1,46.3,1,133.9,"CNM","Y","L","BG","N","",""
"417",63.5,0,NA,1,123.6,"CNM","N",NA,"BG","N","",""
"418",52.6,0,NA,1,41.2,"CNM","N",NA,"BG","Y","",""
"419",77.5,0,NA,1,103,"CNM","Y","H","PG","Y","",""
"420",67.1,1,50.9,1,236.9,"CNM","N",NA,"BG","Y","INSECT DAMAGE",""
"421",79.5,1,53.4,1,370.8,"CNM","Y","M","L","N","",""
"423",87.4,0,NA,1,1884.9,"CNM","Y","M","L","N","",""
"425",78,0,NA,1,391.4,"CNM","Y","M","PG","N","","No tag, No plant"
"426",54.5,0,NA,1,360.5,"CNM","N",NA,"L","Y","",""
"427",60.2,1,60.9,1,566.5,"CNM","Y","M","PG","Y","","No tag"
"428",85.3,1,29.4,1,123.6,"CNM","N",NA,"L","Y","","Sumac"
"429",60.2,1,54.4,1,515,"CNM","N",NA,"L","Y","INSECT DAMAGE","Tree"
"432",60.4,0,NA,1,329.6,"CNM","Y","H","L","N","",""
"433",40.9,0,NA,1,20.6,"CNM","N",NA,"PG","N","","No tag, No plant"
"561",66,1,69.2,1,772.5,"CNM","Y","L","PG","N","","No tag"
"840",55.6,1,75.5,1,123.6,"CNM","N",NA,"L","Y","","Remap"
"842",55.6,1,66.6,1,206,"CNM","N",NA,"PG","Y","","Tree"
"843",66.3,1,51.3,1,51.5,"CNM","N",NA,"S","Y","","Sumac"
"844",112.5,1,68.8,1,401.7,"CNM","Y","L","S","Y","","Sumac"
"848",57.1,1,66.1,1,30.9,"CNM","N",NA,"PG","Y","",""
"424",62.2,1,37.2,1,92.7,"CNM","Y","H","L","Y","",""
"431",64.3,0,NA,1,1174.2,"CNM","Y","M","L","N","","Plant uprooted"
"434",81.9,1,66.4,1,442.9,"CNM","N",NA,"BG","N","",""
"435",47.6,0,NA,1,20.6,"CNM","N",NA,"BG","Y","CHECK ID - THE INCLUDED DATA IS FOR ENTRY #435","No Tag"
"437",57.4,1,51.2,1,216.3,"CNM","Y","M","BG","N","",""
"438",73.7,1,70.9,1,41.2,"CNM","N",NA,"L","Y","","Oak"
"439",89.4,0,NA,1,30.9,"CNM","N",NA,"L","Y","",""
"440",90.4,1,56.3,1,226.6,"CNM","Y","M","L","Y","","Oak"
"441",87.6,0,NA,1,82.4,"CNM","Y","M","L","Y","",""
"442",76,1,58.2,1,257.5,"CNM","Y","M","L","N","",""
"443",58.1,0,NA,1,164.8,"CNM","N",NA,"PG","N","",""
"444",64.3,0,NA,1,82.4,"CNM","Y","L","L","N","ONE STEM BROKEN BY OBSERVATION",""
"445",76.6,1,54.1,1,628.3,"CNM","Y","M","L","N","",""
"447",73.4,1,53.9,1,288.4,"CNM","N",NA,"L","N","",""
"450",55.2,1,45.2,1,61.8,"CNM","Y","H","L","N","",""
"451",50.3,0,NA,1,30.9,"CNM","N",NA,"PG","N","",""
"452",79.4,1,49.6,1,298.7,"CNM","Y","M","PG","N","",""
"453",61,1,54.9,1,72.1,"CNM","Y","L","PG","N","",""
"454",70.1,1,50.8,1,257.5,"CNM","Y","L","PG","N","",""
"455",76.6,1,61,1,885.8,"CNM","Y","L","L","N","",""
"456",57.2,1,27.1,1,412,"CNM","Y","M","BG","N","",""
"457",76.9,1,63.2,1,1812.8,"CNM","Y","L","BG","Y","INSECT DAMAGE",""
"458",72.6,1,63.2,1,92.7,"CNM","N",NA,"BG","Y","INSECT DAMAGE",""
"459",77,1,31.7,1,103,"CNM","Y","L","BG","N","",""
"464",83.6,0,NA,1,442.9,"CNM","Y","L","L","N","",""
"465",76.8,1,67.8,1,350.2,"CNM","Y","L","L","N","",""
"466",76.3,1,67.9,1,82.4,"CNM","N",NA,"L","N","",""
"467",114,1,50.2,1,1060.9,"CNM","Y","M","PG","N","",""
"468",84.8,1,76.9,1,937.3,"CNM","Y","M","BG","N","ONE STEM BROKEN BY OBSERVATION",""
"469",64.1,1,50.2,1,133.9,"CNM","Y","M","PG","N","ONE STEM BROKEN BY OBSERVATION",""
"470",70.9,1,58,1,638.6,"CNM","Y","L","L","N","",""
"471",70,1,58.3,1,103,"CNM","Y","M","PG","Y","",""
"472",70.1,1,61.2,1,473.8,"CNM","Y","M","BG","Y","",""
"473",66.3,1,67,1,412,"CNM","Y","M","PG","Y","",""
"474",80.1,1,68,1,216.3,"CNM","Y","M","PG","N","",""
"475",86,1,63.2,1,278.1,"CNM","Y","H","PG","Y","",""
"476",58.5,1,57.1,1,92.7,"CNM","Y","H","L","N","",""
"477",78.6,1,65.4,1,195.7,"CNM","Y","M","L","N","INSECT DAMAGE",""
"479",62.3,1,47.8,1,103,"CNM","Y","M","PG","Y","",""
"480",72.7,1,63.1,1,535.6,"CNM","Y","L","L","N","",""
"481",69.1,1,52.9,1,144.2,"CNM","Y","L","L","N","",""
"482",93.4,1,54.1,1,350.2,"CNM","Y","M","L","N","",""
"483",87.9,1,70.2,1,329.6,"CNM","N",NA,"L","N","",""
"484",83,1,61,1,453.2,"CNM","N",NA,"L","Y","",""
"485",47.3,1,67.2,1,185.4,"CNM","N",NA,"L","Y","","Oak"
"486",77.1,1,67.8,1,133.9,"CNM","Y","M","BG","N","",""
"487",78.3,0,NA,1,216.3,"CNM","Y","M","L","N","",""
"488",67.6,1,53.2,1,175.1,"CNM","N",NA,"L","Y","",""
"490",64.3,1,55.2,1,422.3,"CNM","Y","L","L","N","ONE STEM BROKEN BY OBSERVATION",""
"539",50.7,1,75.1,1,144.2,"CNM","Y","L","BG","Y","",""
"540",77.6,1,62.2,1,927,"CNM","N",NA,"BG","N","EXCLUDE 20192020 - was recorded as 570, but we think it was 540 INSECT DAMAGE",""
"541",77.4,0,NA,1,3738.9,"CNM","Y","L","BG","N","",""
"542",57.5,1,58.2,1,525.3,"CNM","Y","L","L","N","",""
"543",59.9,1,65.8,1,82.4,"CNM","Y","L","L","N","APPEARS TO BE RIGHT (NEXT TO ANOTHER 3 STALK: MAY HAVE COVERED AS 1 PLANT LAST YR)",""
"851",56.5,1,59.7,1,82.4,"CNM","N",NA,"BG","N","",""
"852",24.1,0,NA,1,123.6,"CNM","Y","L","BG","Y","",""
"854",34.2,1,62.9,1,133.9,"CNM","Y","H","BG","N","",""
"855",65.5,0,NA,1,51.5,"CNM","N",NA,"L","N","",""
"491",72,1,53,1,957.9,"CNM","N",NA,"BG","Y","",""
"492",59.1,1,61.9,1,339.9,"CNM","N",NA,"PG","N","",""
"493",72.5,1,49.8,1,164.8,"CNM","N",NA,"S","Y","LIGHT COMPETITION","Sotol"
"494",72,1,66.6,1,1884.9,"CNM","N",NA,"PG","Y","",""
"495",65.9,1,66.8,1,1050.6,"CNM","N",NA,"BG","N","",""
"496",64.3,1,58.4,1,484.1,"CNM","N",NA,"PG","N","DAMAGED",""
"497",89,1,69.1,1,1617.1,"CNM","N",NA,"BG","N","",""
"498",53,1,56.9,1,587.1,"CNM","N",NA,"BG","N","",""
"499",67.1,1,43.6,1,741.6,"CNM","Y","L","PG","N","",""
"500",53,1,64.2,1,278.1,"CNM","N",NA,"PG","N","",""
"501",82.5,1,61.2,1,576.8,"CNM","Y","L","PG","Y","ODD APPEARNCE. CRISPY?",""
"503",77.5,1,58.2,1,2080.6,"CNM","Y","L","BG","Y","",""
"504",61,1,38.9,1,226.6,"CNM","N",NA,"BG","Y","",""
"505",79.5,1,60,1,144.2,"CNM","Y","L","BG","Y","BROKEN BY OBSERVATION","Dead shrub"
"506",64.5,1,63.1,1,206,"CNM","N",NA,"PG","N","",""
"507",61,1,55.9,1,669.5,"CNM","N",NA,"PF","N","",""
"508",76.5,1,69.4,1,896.1,"CNM","N",NA,"PG","N","",""
"509",71,1,80,1,1205.1,"CNM","N",NA,"PG","N","",""
"510",80.2,1,82.4,1,463.5,"CNM","N",NA,"PG","N","",""
"511",75.5,1,50,1,236.9,"CNM","N",NA,"PG","N","",""
"512",87,1,86.1,1,1112.4,"CNM","N",NA,"BG","N","ORIGINALLY LABLED AS #712.",""
"513",64,1,46.6,1,30.9,"CNM","N",NA,"BG","N","",""
"514",66.2,1,71.6,1,525.3,"CNM","N",NA,"PG","N","",""
"515",69.7,1,71.9,1,2348.4,"CNM","N",NA,"PG","N","",""
"516",78.8,1,70.9,1,3883.1,"CNM","N",NA,"BG","N","",""
"517",74.2,1,90.1,1,1472.9,"CNM","N",NA,"PG","N","",""
"518",72.5,1,52.4,1,710.7,"CNM","N",NA,"PG","N","LOOKS CRAPPY",""
"519",68.1,1,68.7,1,175.1,"CNM","N",NA,"PG","N","",""
"520",44.3,0,NA,1,236.9,"CNM","Y","L","BG","Y","",""
"521",40,0,NA,1,20.6,"CNM","N",NA,"BG","N","DRYING OUT",""
"523",73,1,78.9,1,144.2,"CNM","N",NA,"BG","N","",""
"524",60.4,1,59.1,1,41.2,"CNM","N",NA,"BG","Y","GROWING OUT OF SHRUB. LIGHT COMPETITION.","Beargrass"
"525",80,1,83.4,1,1163.9,"CNM","N",NA,"BG","Y","",""
"526",84.2,1,76.7,1,442.9,"CNM","N",NA,"BG","Y","","Beargrass"
"527",78.4,1,71,1,206,"CNM","N",NA,"BG","Y","GROWING OUT OF YUCCA/SHRUB. LIGHT COMPETITION.","Beargrass"
"529",98.1,1,68.4,1,164.8,"CNM","N",NA,"L","Y","LIGHT COMPETITION","Oak"
"530",59.1,0,NA,1,206,"CNM","N",NA,"PG","N","",""
"531",28.9,1,61.2,1,247.2,"CNM","N",NA,"PG","N","",""
"532",62.5,1,74.5,1,51.5,"CNM","N",NA,"BG","Y","",""
"580",88.5,1,69.5,1,525.3,"CNM","Y","L","BG","N","","Shrub"
"1036",84.4,1,31.3,1,401.7,"CNM","Y","M","L","N","","No tag"
"533",67.5,1,65.2,1,824,"CNM","Y","M","PG","N","",""
"534",75.9,1,67.2,1,2204.2,"CNM","N",NA,"BG","Y","",""
"535",57.6,1,59.5,1,1658.3,"CNM","Y","L","BG","N","",""
"536",56,1,37.6,1,257.5,"CNM","N",NA,"PG","N","",""
"537",68.8,1,86,1,1369.9,"CNM","N",NA,"PG","N","",""
"538",46,0,NA,1,82.4,"CNM","Y","M","BG","N","",""
"545",85.8,1,78.9,1,350.2,"CNM","Y","M","L","N","","Shrub"
"546",83,1,76.6,1,1977.6,"CNM","Y","L","L","N","",""
"547",64.5,1,72.9,1,319.3,"CNM","Y","M","L","N","",""
"548",77.2,1,71.1,1,854.9,"CNM","Y","H","PG","N","","Dead branch"
"549",63,1,57.9,1,206,"CNM","Y","H","L","N","","Dead branch"
"550",78.6,1,74.5,1,566.5,"CNM","Y","L","L","N","INSECT DAMAGE",""
"551",70.8,1,81.4,1,597.4,"CNM","Y","L","BG","N","",""
"552",73.4,1,72.4,1,453.2,"CNM","Y","H","BG","N","",""
"553",75.9,1,61.2,1,41.2,"CNM","Y","M","PG","N","INSECT DAMAGE",""
"554",51.2,1,50.9,1,10.3,"CNM","Y","H","BG","N","",""
"555",77,1,65.6,1,381.1,"CNM","Y","H","BG","N","ONE STEM BROKEN BY OBSERVATION.",""
"559",66,1,59.8,1,669.5,"CNM","N",NA,"BG","N","",""
"560",85.9,1,74.2,1,824,"CNM","Y","L","PG","N","",""
"562",84.3,1,48.2,1,123.6,"CNM","Y","L","L","Y","PREVIOUSLY COVERED, COVER REMOVED.","Beargrass"
"563",74.6,0,NA,1,267.8,"CNM","Y","L","BG","Y",".                        ",""
"564",NA,1,37,1,30.9,"CNM","N",NA,"L","Y","                          ","Beargrass"
"565",81.5,1,48.8,1,1400.8,"CNM","Y","L","L","Y","                          ",""
"566",64.2,1,64.7,1,370.8,"CNM","Y","L","BG","Y","",""
"567",45.6,1,50.6,1,72.1,"CNM","N",NA,"L","Y","",""
"568",62.1,1,64.9,1,195.7,"CNM","Y","M","L","N","",""
"569",74.8,1,49.4,1,957.9,"CNM","Y","M","L","N","",""
"570",58.5,0,NA,1,1143.3,"CNM","Y","M","L","N","",""
"571",60.5,0,NA,1,185.4,"CNM","Y","M","PG","Y","",""
"572",70,1,67.4,1,391.4,"CNM","Y","L","L","Y","",""
"574",58.6,1,71.4,1,133.9,"CNM","Y","L","PG","Y","ONE STEM BROKEN BY OBSERVATION",""
"575",64.4,1,54.1,1,30.9,"CNM","N",NA,"L","Y","","Shrub"
"577",55.9,1,31.1,1,164.8,"CNM","Y","M","PG","N","",""
"578",75.1,1,73.3,1,1102.1,"CNM","Y","L","BG","N","",""
"579",77.3,1,75.2,1,103,"CNM","Y","H","L","N","",""
"582",60.7,1,79.7,1,267.8,"CNM","Y","L","BG","N","",""
"583",76.4,1,80.1,1,339.9,"CNM","N",NA,"L","N","",""
"584",48.6,1,62.3,1,30.9,"CNM","N",NA,"PG","Y","","No tag"
"585",69.8,1,66.1,1,206,"CNM","Y","L","L","N","",""
"586",42,0,NA,1,41.2,"CNM","N",NA,"L","Y","",""
"587",58.3,0,NA,1,41.2,"CNM","Y","L","L","Y","BOTH STEMS BROKEN BY OBSERVATION","No tag, no plant"
"588",83.8,1,70.2,1,175.1,"CNM","Y","L","L","Y","","Shrub"
"589",92.6,1,98.1,1,1575.9,"CNM","Y","H","L","N","",""
"590",78.5,1,43.9,1,432.6,"CNM","Y","L","L","Y","","Shrub"
"591",63.4,1,67.7,1,2173.3,"CNM","Y","L","L","N","",""
"592",68.7,1,72.4,1,51.5,"CNM","Y","L","L","Y","",""
"593",74.5,1,74,1,844.6,"CNM","Y","L","L","Y","",""
"594",87.3,1,87.1,1,772.5,"CNM","Y","L","L","Y","",""
"595",66.7,1,58.6,1,20.6,"CNM","N",NA,"L","Y","",""
"596",76.3,1,43.4,1,432.6,"CNM","Y","H","L","N","INSECT DAMAGE","Shrub"
"597",73.6,1,72.6,1,2070.3,"CNM","Y","L","L","N","",""
"598",92.9,1,86.6,1,1019.7,"CNM","Y","H","BG","N","ONE STEM BROKEN BY OBSERVATION","Dead branch"
"599",70.9,1,70.1,1,370.8,"CNM","N",NA,"BG","N","ONE STEM BROKEN BY OBSERVATION","Shrub"
"600",65.4,1,67.3,1,638.6,"CNM","Y","L","BG","N","",""
"602",73.4,1,64.2,1,257.5,"CNM","Y","L","L","N","INSECT DAMAGE","Dead branch"
"603",83.2,0,NA,1,690.1,"CNM","Y","L","L","Y","",""
"605",67.8,1,67.9,1,206,"CNM","Y","L","BG","Y","",""
"606",81.9,1,69.1,1,206,"CNM","Y","M","BG","Y","",""
"607",64.6,0,NA,1,937.3,"CNM","Y","L","L","N","",""
"1034",50.6,1,49.5,1,51.5,"CNM","N",NA,"BG","N","",""
"1035",71.8,1,59.1,1,432.6,"CNM","Y","M","BG","N","ONE STEM->INSECT DAMAGE","Dead branch"
"1039",75.5,0,NA,1,164.8,"CNM","N",NA,"L","N","","No tag, No plant"
"609",80.3,1,33.3,1,216.3,"CNM","N",NA,"BG","N","GROWING OUT OF ROCK",""
"610",72,1,52.3,1,206,"CNM","N",NA,"BG","N","",""
"611",61.3,1,88.6,1,370.8,"CNM","Y","L","BG","N","",""
"612",62.6,1,65.4,1,51.5,"CNM","N",NA,"BG","Y","SHADED","Dead branch"
"613",79.1,1,71.2,1,566.5,"CNM","N",NA,"BG","Y","",""
"615",62.6,1,98.1,1,401.7,"CNM","N",NA,"BG","N","",""
"616",83.1,1,84.3,1,2925.2,"CNM","N",NA,"BG","N","","No tag"
"617",55.5,1,67.1,1,61.8,"CNM","N",NA,"BG","N","",""
"618",68,1,77.7,1,1452.3,"CNM","N",NA,"L","N","",""
"619",63.6,1,69,1,782.8,"CNM","N",NA,"BG","N","",""
"641",46.5,1,53.2,1,72.1,"CNM","N",NA,"L","N","",""
"1033",59.5,1,50.6,1,525.3,"CNM","Y","L","L","N","",""
"620",49.5,0,NA,1,30.9,"CNM","N",NA,"S","Y","QUESTIONABLE ID. NOT ON MAP&NO TAG. TAGGED THIS YEAR, ADDED TO MAP.",""
"621",55.2,0,NA,1,82.4,"CNM","N",NA,"S","Y","#621 AND #620 HEAVILY SHADED BY/COMPETING WIH A SOTOL.",""
"622",77.9,1,54.2,1,2049.7,"CNM","Y","L","BG","N","",""
"623",85.1,1,66.2,1,3687.4,"CNM","N",NA,"BG","N","",""
"624",74.2,1,71.4,1,597.4,"CNM","N",NA,"BG","Y","",""
"625",55.7,1,44,1,587.1,"CNM","N",NA,"BG","Y","",""
"626",55.1,1,51.9,1,92.7,"CNM","N",NA,"BG","Y","",""
"628",56.2,1,50.5,1,154.5,"CNM","N",NA,"PG","Y","SHADED",""
"629",70.4,1,80.5,1,648.9,"CNM","Y","L","BG","Y","SHADED",""
"630",77.1,1,74.1,1,1339,"CNM","N",NA,"PG","N","",""
"631",75.7,1,68.5,1,2183.6,"CNM","N",NA,"BG","N","",""
"632",51.2,1,59.8,1,875.5,"CNM","Y","M","PG","N","",""
"633",67.7,1,71,1,381.1,"CNM","N",NA,"BG","N","",""
"634",55.7,1,44.1,1,896.1,"CNM","Y","L","BG","N","",""
"635",73.4,0,NA,1,422.3,"CNM","N",NA,"BG","Y","",""
"636",61.1,0,NA,1,854.9,"CNM","Y","L","BG","N","",""
"637",76.3,0,NA,1,1287.5,"CNM","N",NA,"PG","N","",""
"638",59.9,1,39.6,1,206,"CNM","Y","L","BG","N","","Sumac"
"639",72.9,1,64.1,1,1091.8,"CNM","Y","L","BG","Y","","Sumac"
"640",31.9,0,NA,1,30.9,"CNM","Y","L","BG","N","",""
"642",71.9,0,NA,1,1380.2,"CNM","Y","L","BG","N","",""
"644",81.5,1,68.4,1,1483.2,"CNM","Y","M/H","PG","N","",""
"645",77,1,70.1,1,1709.8,"CNM","N",NA,"L","N","",""
"646",73.5,1,59.5,1,1256.6,"CNM","Y","L","L","N","",""
"647",85.6,1,82.1,1,834.3,"CNM","N",NA,"BG","N","",""
"648",66.5,1,63.8,1,442.9,"CNM","Y","M","BG","N","",""
"649",62.8,1,51.3,1,51.5,"CNM","N",NA,"BG","Y","",""
"651",59.8,1,52.2,1,309,"CNM","N",NA,"L","Y","",""
"652",82.4,1,77.6,1,2544.1,"CNM","N",NA,"BG","N","",""
"653",70.1,1,70.6,1,865.2,"CNM","N",NA,"BG","N","",""
"654",70,1,81.5,1,515,"CNM","N",NA,"BG","Y","DEFORMED. UNDER SHRUB",""
"1032",55.5,1,50.6,1,113.3,"CNM","Y","L","L","N","",""
"655",71.8,0,NA,1,4233.3,"CNM","N",NA,"BG","N","","No tag, No plant"
"656",82.1,1,91.3,1,1421.4,"CNM","N",NA,"BG","N","",""
"657",56.4,0,NA,1,401.7,"CNM","Y","L","PG","N","",""
"658",51.2,1,54.4,1,370.8,"CNM","N",NA,"L","N","",""
"659",59.4,1,57.4,1,628.3,"CNM","N",NA,"L","N","",""
"660",60.3,0,NA,1,535.6,"CNM","N",NA,"BG","N","",""
"661",60.7,1,52.1,1,504.7,"CNM","Y","L","L","N","",""
"662",62.1,1,53.7,1,731.3,"CNM","N",NA,"BG","N","",""
"663",40.4,1,64.4,1,20.6,"CNM","Y","H","L","N","",""
"665",61.4,1,65.9,1,834.3,"CNM","Y","M","L","N","",""
"666",69.5,1,66.4,1,679.8,"CNM","Y","M","L","N","",""
"667",53,1,56.6,1,61.8,"CNM","Y","M/H","PG","N","",""
"668",48.9,1,47.9,1,92.7,"CNM","N",NA,"BG","Y","","Sotol"
"669",55.5,1,64.5,1,401.7,"CNM","Y","M","BG","N","","Sotol"
"672",56.1,0,NA,1,267.8,"CNM","N",NA,"BG","N","",""
"674",47.1,1,51.3,1,154.5,"CNM","N",NA,"BG","N","",""
"676",51.4,1,36.9,1,103,"CNM","Y","L","L","N","",""
"677",58.7,1,55.1,1,175.1,"CNM","Y","L","BG","N","",""
"678",57,1,57.7,1,628.3,"CNM","N",NA,"BG","N","",""
"679",79.2,1,75.1,1,1586.2,"CNM","Y","M","PG","N","",""
"680",48.3,1,39.3,1,113.3,"CNM","Y","H","BG","N","",""
"681",60.5,1,61.1,1,1823.1,"CNM","N",NA,"PG","N","",""
"682",62,1,63.2,1,2060,"CNM","N",NA,"L","N","",""
"683",72,1,75.4,1,854.9,"CNM","Y","M","BG","N","",""
"684",81.6,1,65.2,1,1236,"CNM","N",NA,"BG","Y","",""
"685",64.6,1,79.2,1,576.8,"CNM","Y","M","BG","N","",""
"686",64.1,0,NA,1,1060.9,"CNM","Y","L","L","N","",""
"687",64.5,1,59.3,1,2008.5,"CNM","Y","L","BG","N","",""
"691",50.5,1,76.1,1,309,"CNM","N",NA,"PG","N","",""
"1030",42.8,1,65.9,1,20.6,"CNM","Y","M","BG","N","",""
"1031",74.2,0,NA,1,175.1,"CNM","Y","M","PG","N","",""
"688",56.5,0,NA,1,1194.8,"CNM","N",NA,"PG","N","",""
"689",61.7,1,46.4,1,422.3,"CNM","N",NA,"BG","Y","LOOKS SKINNY, DRIED OUT.","Dead branch"
"692",55.1,1,57.3,1,3347.5,"CNM","N",NA,"PG","N","",""
"693",67.4,1,60.5,1,638.6,"CNM","N",NA,"BG","N","",""
"694",59.8,1,62.3,1,1019.7,"CNM","Y","L","BG","N","",""
"695",39.5,0,NA,1,92.7,"CNM","Y","L","BG","N","",""
"696",65.7,1,52.9,1,154.5,"CNM","N",NA,"L","Y","","Sotol"
"698",38.1,0,NA,1,10.3,"CNM","N",NA,"BG","N","",""
"701",57.9,1,75.3,1,92.7,"CNM","N",NA,"S","Y","UNDER SOTOL","Sotol"
"702",57,1,41.9,1,391.4,"CNM","N",NA,"L","Y","","Sotol"
"703",41.1,1,55.4,1,30.9,"CNM","N",NA,"BG","Y","","Sotol"
"704",58.3,1,59.6,1,751.9,"CNM","N",NA,"BG","Y","UNDER SOTOL",""
"706",66.3,1,64.2,1,257.5,"CNM","Y","L","L","Y","",""
"708",55.5,1,29.1,1,61.8,"CNM","N",NA,"PG","Y","","Shrub"
"709",55,1,59.9,1,463.5,"CNM","Y","M","L","N","",""
"710",52.9,1,58.9,1,525.3,"CNM","Y","M/H","BG","N","",""
"711",50.1,1,58.3,1,236.9,"CNM","Y","H","BG","N","",""
"712",64.3,1,68.9,1,494.4,"CNM","Y","M","L","N","",""
"713",51.4,1,59,1,206,"CNM","Y","L","L","N","",""
"714",49.2,0,NA,1,432.6,"CNM","Y","M","L","N","",""
"718",63.8,1,48.3,1,175.1,"CNM","Y","M","L","N","","2020 says SubPop 26, 2021 says SubPop 25"
"732",55.4,1,57.7,1,607.7,"CNM","Y","L","PG","N","",""
"1029",51.9,1,39.9,1,41.2,"CNM","N",NA,"L","Y","","Dead shrub"
"720",44.6,1,59.3,1,185.4,"CNM","Y","M","BG","N","",""
"721",72.4,0,NA,1,710.7,"CNM","Y","M","BG","N","",""
"722",64.5,0,NA,1,1575.9,"CNM","Y","M","L","N","ACTUALLY 2 PLANTS. 1 RELABLED AS #",""
"723",78.1,0,NA,1,803.4,"CNM","Y","M","PG","N","",""
"724",25.6,1,29.4,1,10.3,"CNM","Y","L","L","N","ONE STEM BROKEN BY OBSERVATION",""
"725",42.9,0,NA,1,51.5,"CNM","Y","L","BG","N","",""
"726",57.6,1,52.3,1,195.7,"CNM","Y","L","PG","Y","",""
"728",48.2,1,46.3,1,123.6,"CNM","Y","L","BG","N","",""
"729",55.6,1,56.3,1,278.1,"CNM","Y","M","BG","N","ONE STEM GONE",""
"730",57,1,52.3,1,236.9,"CNM","Y","L","BG","N","",""
"731",42.4,0,NA,1,133.9,"CNM","Y","M","L","N","",""
"734",31,0,NA,1,51.5,"CNM","N",NA,"PG","N","","No plant, No tag"
"735",54.9,1,38.3,1,247.2,"CNM","Y","L","BG","N","",""
"736",59.2,1,51,1,236.9,"CNM","Y","L","PG","N","",""
"738",27.1,1,17.2,1,20.6,"CNM","Y","H","L","N","",""
"739",38.5,1,17.2,1,123.6,"CNM","Y","H","BG","N","",""
"741",27,1,36.9,1,10.3,"CNM","Y","L","BG","N","",""
"742",24.5,0,NA,1,113.3,"CNM","Y","L","BG","N","",""
"743",78.4,1,60.5,1,381.1,"CNM","Y","M","BG","N","",""
"744",58,1,50.2,1,175.1,"CNM","Y","M","PG","N","",""
"745",78.5,1,24.2,1,504.7,"CNM","Y","M","BG","N","",""
"746",67.2,1,52.3,1,164.8,"CNM","Y","L","L","N","",""
"747",59.8,1,32.9,1,236.9,"CNM","Y","L","BG","N","",""
"748",45.7,0,NA,1,442.9,"CNM","Y","L","BG","N","",""
"749",49,1,55.2,1,123.6,"CNM","Y","L","BG","N","",""
"750",61.5,1,59.6,1,154.5,"CNM","Y","L","BG","N","",""
"751",76.7,1,63.2,1,690.1,"CNM","Y","L","PG","N","",""
"753",59.1,1,57.8,1,144.2,"CNM","Y","M","PG","N","",""
"755",59.9,0,NA,1,525.3,"CNM","Y","M","BG","N","",""
"756",49.2,1,35.4,1,236.9,"CNM","Y","L","PG","N","",""
"757",65.7,0,NA,1,906.4,"CNM","Y","H","PG","N","",""
"758",59,0,NA,1,123.6,"CNM","Y","M","PG","N","",""
"759",70.4,1,56.2,1,638.6,"CNM","Y","L","BG","N","",""
"760",59.6,1,50.3,1,278.1,"CNM","Y","L","PG","N","",""
"761",65.9,0,NA,1,195.7,"CNM","Y","L","BG","N","",""
"762",36.4,1,55.2,1,113.3,"CNM","Y","M","BG","N","",""
"763",59.6,1,58.7,1,988.8,"CNM","Y","L","PG","N","",""
"764",51.3,0,NA,1,1359.6,"CNM","Y","L","L","N","",""
"765",36.4,0,NA,1,30.9,"CNM","N",NA,"BG","N","",""
"766",83.9,1,68.2,1,1266.9,"CNM","Y","L","BG","N","",""
"767",82.8,1,57.9,1,947.6,"CNM","Y","M","BG","N","",""
"768",65.1,0,NA,1,391.4,"CNM","N",NA,"PG","N","",""
"769",81.2,1,62.5,1,947.6,"CNM","Y","L","BG","N","",""
"770",61,0,NA,1,144.2,"CNM","Y","H","L","N","",""
"771",75,1,89.3,1,1246.3,"CNM","Y","L","L","Y","",""
"772",116.4,1,92.4,1,5088.2,"CNM","Y","L","PG","Y","",""
"773",99.4,1,77.6,1,854.9,"CNM","Y","L","PG","Y","",""
"774",86,1,74.3,1,2801.6,"CNM","Y","L","BG","N","",""
"775",72.3,1,79.5,1,1050.6,"CNM","Y","M","BG","N","",""
"776",74.1,1,74.5,1,2039.4,"CNM","Y","L","BG","N","",""
"777",68,1,58.4,1,1359.6,"CNM","Y","L","PG","N","",""
"778",64.2,0,NA,1,597.4,"CNM","Y","L","PG","Y","","No tag, No plant"
"779",52.2,0,NA,1,350.2,"CNM","Y","L","BG","N","",""
"780",54.8,1,64,1,319.3,"CNM","Y","L","PG","N","",""
"781",59,0,NA,1,195.7,"CNM","N",NA,"PG","N","INSECT DAMAGE","No tag, No plant"
"782",61.3,0,NA,1,422.3,"CNM","Y","L","PG","N","",""
"783",57.3,0,NA,1,1163.9,"CNM","Y","L","BG","N","","Not mapped"
"1011",58.4,1,55.6,1,298.7,"CNM","Y","M","BG","N","FORMERLY DUPLICATE 751",""
"1013",82.4,1,83.7,1,3594.7,"CNM","Y","M","PG","Y","BASE PROTECTED. GROWS OUT.","Dead tree"
"1014",53.6,0,NA,1,72.1,"CNM","Y","L","PG","N","",""
"1015",49.4,1,50.2,1,144.2,"CNM","Y","L","PG","N","",""
"1016",30.3,0,NA,1,20.6,"CNM","N",NA,"L","N","",""
"1017",28.3,1,15.3,1,10.3,"CNM","Y","L","BG","N","",""
"1019",34.9,1,20.5,1,61.8,"CNM","N",NA,"L","N","",""
"1020",59.9,1,55,1,216.3,"CNM","Y","L","PG","N","",""
"1021",49.9,1,60.1,1,185.4,"CNM","Y","M","BG","N","",""
"1022",51.3,1,362,1,72.1,"CNM","Y","L","BG","N","",""
"1023",48,1,47.2,1,61.8,"CNM","Y","L","L","N","",""
"1024",55.1,1,54.9,1,113.3,"CNM","Y","H","BG","N","",""
"1025",65.9,1,55.3,1,226.6,"CNM","Y","H","BG","N","",""
"1026",67.5,1,56.3,1,319.3,"CNM","Y","L","BG","N","",""
"1027",46.8,1,45.1,1,61.8,"CNM","N",NA,"L","N","",""
"1028",79.2,0,NA,1,628.3,"CNM","Y","L","PG","N","",""
